{
  "5.7": {
    "debian": {
      "architectures": [
        "amd64"
      ],
      "suite": "buster",
      "version": "5.7.42-1debian10"
    },
    "mysql-shell": {
      "version": "8.0.33-1.el7"
    },
    "oracle": {
      "architectures": [
        "amd64"
      ],
      "variant": "7-slim",
      "version": "5.7.42-1.el7"
    },
    "version": "5.7.42"
  },
  "8.0": {
    "debian": {
      "architectures": [
        "amd64"
      ],
      "suite": "bullseye",
      "version": "8.0.33-1debian11"
    },
    "mysql-shell": {
      "version": "8.0.33-1.el8"
    },
    "oracle": {
      "architectures": [
        "amd64",
        "arm64v8"
      ],
      "variant": "8-slim",
      "version": "8.0.33-1.el8"
    },
    "version": "8.0.33"
  }
}
